Name,Date,Time,Weektime,Tradetime_Dum,Tpostnum,Pospostnum,Negpostnum,Neupostnum,Readnum,Commentnum
黄金吧,2020/1/1,15:00-9:00,星期三,0,165,41,29,95,65198,203
黄金吧,2020/1/1,9:00-15:00,星期三,1,11,1,3,7,6010,22
黄金吧,2020/1/2,15:00-9:00,星期四,0,33,6,4,23,17623,41
黄金吧,2020/1/2,9:00-15:00,星期四,1,49,17,6,26,10898,56
黄金吧,2020/1/3,15:00-9:00,星期五,0,341,123,55,163,106554,373
黄金吧,2020/1/3,9:00-15:00,星期五,1,119,36,28,55,23188,84
黄金吧,2020/1/3,15:00-24:00,星期五,0,391,115,63,213,109154,449
黄金吧,2020/1/4,0:00-24:00,星期六,0,98,30,16,52,97698,231
黄金吧,2020/1/5,0:00-24:00,星期日,0,43,16,5,22,31920,81
黄金吧,2020/1/6,0:00-9:00,星期一,0,183,52,34,97,79191,216
黄金吧,2020/1/6,9:00-15:00,星期一,1,120,37,16,67,30635,135
黄金吧,2020/1/7,15:00-9:00,星期二,0,485,115,87,283,204935,561
黄金吧,2020/1/7,9:00-15:00,星期二,1,124,40,14,70,36361,146
黄金吧,2020/1/8,15:00-9:00,星期三,0,699,213,114,372,192808,638
黄金吧,2020/1/8,9:00-15:00,星期三,1,224,63,40,121,51961,201
黄金吧,2020/1/9,15:00-9:00,星期四,0,1080,242,225,613,307437,1084
黄金吧,2020/1/9,9:00-15:00,星期四,1,135,35,29,71,40478,139
黄金吧,2020/1/10,15:00-9:00,星期五,0,470,120,79,271,171639,570
黄金吧,2020/1/10,9:00-15:00,星期五,1,97,28,18,51,27844,82
黄金吧,2020/1/10,15:00-24:00,星期五,0,442,111,94,237,128395,422
黄金吧,2020/1/11,0:00-24:00,星期六,0,75,23,13,39,78675,195
黄金吧,2020/1/12,0:00-24:00,星期日,0,30,13,2,15,28192,79
黄金吧,2020/1/13,0:00-9:00,星期一,0,67,19,9,39,41472,143
黄金吧,2020/1/13,9:00-15:00,星期一,1,94,25,23,46,27276,89
黄金吧,2020/1/14,15:00-9:00,星期二,0,295,72,51,172,98316,334
黄金吧,2020/1/14,9:00-15:00,星期二,1,101,22,25,54,26358,70
黄金吧,2020/1/15,15:00-9:00,星期三,0,252,73,32,147,104587,324
黄金吧,2020/1/15,9:00-15:00,星期三,1,82,19,16,47,25677,94
黄金吧,2020/1/16,15:00-9:00,星期四,0,298,76,64,158,124152,260
黄金吧,2020/1/16,9:00-15:00,星期四,1,73,19,17,37,21341,171
黄金吧,2020/1/17,15:00-9:00,星期五,0,217,57,39,121,86412,290
黄金吧,2020/1/17,9:00-15:00,星期五,1,79,15,15,49,19649,57
黄金吧,2020/1/17,15:00-24:00,星期五,0,184,53,19,112,57444,182
黄金吧,2020/1/18,0:00-24:00,星期六,0,28,11,4,13,26180,32
黄金吧,2020/1/19,0:00-24:00,星期日,0,17,2,3,12,17336,29
黄金吧,2020/1/20,0:00-9:00,星期一,0,23,6,4,13,16401,21
黄金吧,2020/1/20,9:00-15:00,星期一,1,46,16,3,27,12703,41
黄金吧,2020/1/21,15:00-9:00,星期二,0,98,20,18,60,40754,110
黄金吧,2020/1/21,9:00-15:00,星期二,1,61,27,9,25,20146,91
黄金吧,2020/1/22,15:00-9:00,星期三,0,316,57,69,190,112401,263
黄金吧,2020/1/22,9:00-15:00,星期三,1,53,7,10,36,13416,46
黄金吧,2020/1/23,15:00-9:00,星期四,0,150,42,24,84,48930,124
黄金吧,2020/1/23,9:00-15:00,星期四,1,38,6,2,30,8778,35
黄金吧,2020/1/24,15:00-9:00,星期五,0,120,37,17,66,60747,156
黄金吧,2020/1/24,9:00-15:00,星期五,1,15,3,1,11,11724,36
黄金吧,2020/1/24,15:00-24:00,星期五,0,75,27,10,38,68254,95
黄金吧,2020/1/25,0:00-24:00,星期六,0,39,15,5,19,51500,70
黄金吧,2020/1/26,0:00-24:00,星期日,0,24,9,1,14,31554,55
黄金吧,2020/1/27,0:00-9:00,星期一,0,28,9,4,15,43351,60
黄金吧,2020/1/27,9:00-15:00,星期一,1,77,21,10,46,65872,209
黄金吧,2020/1/28,15:00-9:00,星期二,0,136,48,13,75,175647,236
黄金吧,2020/1/28,9:00-15:00,星期二,1,47,13,2,32,35711,53
黄金吧,2020/1/29,15:00-9:00,星期三,0,144,37,24,83,156079,235
黄金吧,2020/1/29,9:00-15:00,星期三,1,47,7,3,37,48672,187
黄金吧,2020/1/30,15:00-9:00,星期四,0,131,40,23,68,186446,226
黄金吧,2020/1/30,9:00-15:00,星期四,1,56,10,5,41,53483,112
黄金吧,2020/1/31,15:00-9:00,星期五,0,200,57,31,112,199521,283
黄金吧,2020/1/31,9:00-15:00,星期五,1,71,19,8,44,49421,147
黄金吧,2020/1/31,15:00-24:00,星期五,0,137,39,19,79,105597,180
黄金吧,2020/2/1,0:00-24:00,星期六,0,59,23,4,32,66157,87
黄金吧,2020/2/2,0:00-24:00,星期日,0,23,4,4,15,32974,29
黄金吧,2020/2/3,0:00-9:00,星期一,0,49,11,5,33,34901,107
黄金吧,2020/2/3,9:00-15:00,星期一,1,87,21,12,54,19820,83
黄金吧,2020/2/4,15:00-9:00,星期二,0,147,38,22,87,57812,147
黄金吧,2020/2/4,9:00-15:00,星期二,1,34,6,5,23,10314,34
黄金吧,2020/2/5,15:00-9:00,星期三,0,222,41,46,135,86534,256
黄金吧,2020/2/5,9:00-15:00,星期三,1,35,8,0,27,13536,42
黄金吧,2020/2/6,15:00-9:00,星期四,0,198,40,32,126,71959,224
黄金吧,2020/2/6,9:00-15:00,星期四,1,43,10,5,28,13266,68
黄金吧,2020/2/7,15:00-9:00,星期五,0,191,60,19,112,66456,229
黄金吧,2020/2/7,9:00-15:00,星期五,1,41,16,2,23,12262,43
黄金吧,2020/2/7,15:00-24:00,星期五,0,243,48,50,145,87126,327
黄金吧,2020/2/8,0:00-24:00,星期六,0,27,10,2,15,25553,73
黄金吧,2020/2/9,0:00-24:00,星期日,0,12,7,1,4,10062,56
黄金吧,2020/2/10,0:00-9:00,星期一,0,37,13,1,23,14800,44
黄金吧,2020/2/10,9:00-15:00,星期一,1,63,16,8,39,15239,37
黄金吧,2020/2/11,15:00-9:00,星期二,0,150,52,28,70,61106,156
黄金吧,2020/2/11,9:00-15:00,星期二,1,56,14,4,38,13178,57
黄金吧,2020/2/12,15:00-9:00,星期三,0,145,42,17,86,63904,226
黄金吧,2020/2/12,9:00-15:00,星期三,1,34,9,1,24,11092,34
黄金吧,2020/2/13,15:00-9:00,星期四,0,221,50,34,137,66962,253
黄金吧,2020/2/13,9:00-15:00,星期四,1,65,21,4,40,16552,41
黄金吧,2020/2/14,15:00-9:00,星期五,0,182,56,29,97,66212,213
黄金吧,2020/2/14,9:00-15:00,星期五,1,59,13,10,36,16347,74
黄金吧,2020/2/14,15:00-24:00,星期五,0,181,59,24,98,63109,272
黄金吧,2020/2/15,0:00-24:00,星期六,0,49,18,4,27,40668,175
黄金吧,2020/2/16,0:00-24:00,星期日,0,28,11,2,15,30836,131
黄金吧,2020/2/17,0:00-9:00,星期一,0,39,14,4,21,26481,67
黄金吧,2020/2/17,9:00-15:00,星期一,1,39,10,4,25,10578,35
黄金吧,2020/2/18,15:00-9:00,星期二,0,139,43,18,78,45608,122
黄金吧,2020/2/18,9:00-15:00,星期二,1,56,13,14,29,20816,68
黄金吧,2020/2/19,15:00-9:00,星期三,0,510,169,75,266,155809,597
黄金吧,2020/2/19,9:00-15:00,星期三,1,69,17,9,43,18158,75
黄金吧,2020/2/20,15:00-9:00,星期四,0,595,168,108,319,165297,633
黄金吧,2020/2/20,9:00-15:00,星期四,1,91,21,11,59,22191,112
黄金吧,2020/2/21,15:00-9:00,星期五,0,688,204,111,373,240231,1122
黄金吧,2020/2/21,9:00-15:00,星期五,1,160,51,24,85,31844,214
黄金吧,2020/2/21,15:00-24:00,星期五,0,839,240,161,438,205170,1104
黄金吧,2020/2/22,0:00-24:00,星期六,0,152,46,10,96,119764,365
黄金吧,2020/2/23,0:00-24:00,星期日,0,52,17,0,35,49104,224
黄金吧,2020/2/24,0:00-9:00,星期一,0,307,91,52,164,94432,334
黄金吧,2020/2/24,9:00-15:00,星期一,1,129,52,15,62,29185,155
黄金吧,2020/2/25,15:00-9:00,星期二,0,1375,356,268,751,302587,1812
黄金吧,2020/2/25,9:00-15:00,星期二,1,153,52,20,81,29354,153
黄金吧,2020/2/26,15:00-9:00,星期三,0,867,240,122,505,181876,742
黄金吧,2020/2/26,9:00-15:00,星期三,1,153,44,23,86,36229,162
黄金吧,2020/2/27,15:00-9:00,星期四,0,717,187,122,408,156789,847
黄金吧,2020/2/27,9:00-15:00,星期四,1,134,32,19,83,26398,138
黄金吧,2020/2/28,15:00-9:00,星期五,0,975,253,160,562,169535,790
黄金吧,2020/2/28,9:00-15:00,星期五,1,219,51,25,143,48732,227
黄金吧,2020/2/28,15:00-24:00,星期五,0,1131,191,220,720,146735,586
黄金吧,2020/2/29,0:00-24:00,星期六,0,454,89,68,297,166403,541
黄金吧,2020/3/1,0:00-24:00,星期日,0,85,14,6,65,51820,120
黄金吧,2020/3/2,0:00-9:00,星期一,0,169,44,22,103,42887,144
黄金吧,2020/3/2,9:00-15:00,星期一,1,156,43,28,85,38854,172
黄金吧,2020/3/3,15:00-9:00,星期二,0,458,117,72,269,103794,463
黄金吧,2020/3/3,9:00-15:00,星期二,1,84,21,15,48,18072,67
黄金吧,2020/3/4,15:00-9:00,星期三,0,802,229,139,434,125934,411
黄金吧,2020/3/4,9:00-15:00,星期三,1,88,22,17,49,20149,71
黄金吧,2020/3/5,15:00-9:00,星期四,0,390,110,64,216,77826,304
黄金吧,2020/3/5,9:00-15:00,星期四,1,56,20,8,28,12497,48
黄金吧,2020/3/6,15:00-9:00,星期五,0,619,230,70,319,135765,614
黄金吧,2020/3/6,9:00-15:00,星期五,1,165,55,23,87,38099,183
黄金吧,2020/3/6,15:00-24:00,星期五,0,1276,276,295,705,205119,769
黄金吧,2020/3/7,0:00-24:00,星期六,0,200,51,36,113,78065,204
黄金吧,2020/3/8,0:00-24:00,星期日,0,56,16,4,36,32728,103
黄金吧,2020/3/9,0:00-9:00,星期一,0,245,87,36,122,55338,226
黄金吧,2020/3/9,9:00-15:00,星期一,1,346,80,73,193,69140,288
黄金吧,2020/3/10,15:00-9:00,星期二,0,803,172,109,522,132997,610
黄金吧,2020/3/10,9:00-15:00,星期二,1,112,24,19,69,22655,72
黄金吧,2020/3/11,15:00-9:00,星期三,0,321,74,51,196,75508,266
黄金吧,2020/3/11,9:00-15:00,星期三,1,80,26,4,50,19021,46
黄金吧,2020/3/12,15:00-9:00,星期四,0,474,88,84,302,112286,406
黄金吧,2020/3/12,9:00-15:00,星期四,1,122,27,16,79,43793,121
黄金吧,2020/3/13,15:00-9:00,星期五,0,1468,287,249,932,217663,627
黄金吧,2020/3/13,9:00-15:00,星期五,1,139,42,22,75,31193,121
黄金吧,2020/3/13,15:00-24:00,星期五,0,296,60,31,205,72215,279
黄金吧,2020/3/14,0:00-24:00,星期六,0,238,40,38,160,111597,244
黄金吧,2020/3/15,0:00-24:00,星期日,0,48,10,1,37,25470,88
黄金吧,2020/3/16,0:00-9:00,星期一,0,131,23,18,90,37254,176
黄金吧,2020/3/16,9:00-15:00,星期一,1,101,27,17,57,33141,129
黄金吧,2020/3/17,15:00-9:00,星期二,0,1218,263,243,712,196111,973
黄金吧,2020/3/17,9:00-15:00,星期二,1,98,18,22,58,25349,69
黄金吧,2020/3/18,15:00-9:00,星期三,0,682,182,121,379,131122,528
黄金吧,2020/3/18,9:00-15:00,星期三,1,66,11,12,43,26152,105
黄金吧,2020/3/19,15:00-9:00,星期四,0,539,123,87,329,111443,422
黄金吧,2020/3/19,9:00-15:00,星期四,1,94,21,13,60,23344,80
黄金吧,2020/3/20,15:00-9:00,星期五,0,218,50,39,129,52824,197
黄金吧,2020/3/20,9:00-15:00,星期五,1,47,15,2,30,19722,45
黄金吧,2020/3/20,15:00-24:00,星期五,0,140,43,17,80,32200,167
黄金吧,2020/3/21,0:00-24:00,星期六,0,54,16,6,32,13249,57
黄金吧,2020/3/22,0:00-24:00,星期日,0,28,10,1,17,9199,37
黄金吧,2020/3/23,0:00-9:00,星期一,0,71,26,9,36,11787,79
黄金吧,2020/3/23,9:00-15:00,星期一,1,50,14,9,27,11024,50
黄金吧,2020/3/24,15:00-9:00,星期二,0,573,201,85,287,77123,442
黄金吧,2020/3/24,9:00-15:00,星期二,1,136,36,17,83,23235,194
黄金吧,2020/3/25,15:00-9:00,星期三,0,1621,440,326,855,211942,1215
黄金吧,2020/3/25,9:00-15:00,星期三,1,163,39,30,94,32376,215
黄金吧,2020/3/26,15:00-9:00,星期四,0,598,150,103,345,91793,598
黄金吧,2020/3/26,9:00-15:00,星期四,1,107,26,16,65,19661,92
黄金吧,2020/3/27,15:00-9:00,星期五,0,526,157,77,292,76043,508
黄金吧,2020/3/27,9:00-15:00,星期五,1,68,15,12,41,20967,129
黄金吧,2020/3/27,15:00-24:00,星期五,0,299,79,58,162,43788,318
黄金吧,2020/3/28,0:00-24:00,星期六,0,207,62,16,129,78076,406
黄金吧,2020/3/29,0:00-24:00,星期日,0,72,20,4,48,28298,206
黄金吧,2020/3/30,0:00-9:00,星期一,0,102,25,11,66,23749,125
黄金吧,2020/3/30,9:00-15:00,星期一,1,97,24,15,58,18594,70
黄金吧,2020/3/31,15:00-9:00,星期二,0,247,58,34,155,44388,278
黄金吧,2020/3/31,9:00-15:00,星期二,1,66,16,10,40,16610,83
黄金吧,2020/4/1,15:00-9:00,星期三,0,403,80,69,254,74703,439
黄金吧,2020/4/1,9:00-15:00,星期三,1,148,46,21,81,35207,82
黄金吧,2020/4/2,15:00-9:00,星期四,0,487,113,87,287,100735,409
黄金吧,2020/4/2,9:00-15:00,星期四,1,130,38,14,78,29846,114
黄金吧,2020/4/3,15:00-9:00,星期五,0,500,163,61,276,83791,717
黄金吧,2020/4/3,9:00-15:00,星期五,1,108,26,23,59,23814,77
黄金吧,2020/4/3,15:00-24:00,星期五,0,264,72,32,160,50887,300
黄金吧,2020/4/4,0:00-24:00,星期六,0,61,15,6,40,17155,95
黄金吧,2020/4/5,0:00-24:00,星期日,0,29,7,1,21,12457,36
黄金吧,2020/4/6,0:00-9:00,星期一,0,63,19,5,39,16270,62
黄金吧,2020/4/6,9:00-15:00,星期一,1,147,38,19,90,36710,156
黄金吧,2020/4/7,15:00-9:00,星期二,0,879,279,130,470,152468,930
黄金吧,2020/4/7,9:00-15:00,星期二,1,156,47,25,84,37323,110
黄金吧,2020/4/8,15:00-9:00,星期三,0,441,124,72,245,72206,398
黄金吧,2020/4/8,9:00-15:00,星期三,1,95,35,2,58,23793,69
黄金吧,2020/4/9,15:00-9:00,星期四,0,295,81,51,163,56734,286
黄金吧,2020/4/9,9:00-15:00,星期四,1,93,25,13,55,20559,65
黄金吧,2020/4/10,15:00-9:00,星期五,0,813,273,117,423,114268,877
黄金吧,2020/4/10,9:00-15:00,星期五,1,74,18,10,46,23898,94
黄金吧,2020/4/10,15:00-24:00,星期五,0,48,16,2,30,11434,63
黄金吧,2020/4/11,0:00-24:00,星期六,0,30,9,2,19,12576,56
黄金吧,2020/4/12,0:00-24:00,星期日,0,31,9,3,19,9191,59
黄金吧,2020/4/13,0:00-9:00,星期一,0,82,24,12,46,19346,111
黄金吧,2020/4/13,9:00-15:00,星期一,1,121,32,13,76,28989,109
黄金吧,2020/4/14,15:00-9:00,星期二,0,375,129,34,212,77197,391
黄金吧,2020/4/14,9:00-15:00,星期二,1,209,54,24,131,49993,169
黄金吧,2020/4/15,15:00-9:00,星期三,0,559,151,85,323,106510,492
黄金吧,2020/4/15,9:00-15:00,星期三,1,144,36,14,94,34524,102
黄金吧,2020/4/16,15:00-9:00,星期四,0,388,111,65,212,67109,282
黄金吧,2020/4/16,9:00-15:00,星期四,1,115,23,9,83,25413,112
黄金吧,2020/4/17,15:00-9:00,星期五,0,472,140,81,251,75901,320
黄金吧,2020/4/17,9:00-15:00,星期五,1,161,31,14,116,32256,108
黄金吧,2020/4/17,15:00-24:00,星期五,0,258,61,50,147,49328,206
黄金吧,2020/4/18,0:00-24:00,星期六,0,79,15,15,49,25372,98
黄金吧,2020/4/19,0:00-24:00,星期日,0,45,11,5,29,16851,44
黄金吧,2020/4/20,0:00-9:00,星期一,0,58,13,16,29,13351,43
黄金吧,2020/4/20,9:00-15:00,星期一,1,136,33,17,86,28823,93
黄金吧,2020/4/21,15:00-9:00,星期二,0,363,98,63,202,65820,290
黄金吧,2020/4/21,9:00-15:00,星期二,1,126,48,11,67,29016,78
黄金吧,2020/4/22,15:00-9:00,星期三,0,644,140,103,401,118346,582
黄金吧,2020/4/22,9:00-15:00,星期三,1,132,43,16,73,32409,99
黄金吧,2020/4/23,15:00-9:00,星期四,0,400,111,53,236,83202,426
黄金吧,2020/4/23,9:00-15:00,星期四,1,144,46,14,84,31587,125
黄金吧,2020/4/24,15:00-9:00,星期五,0,391,112,51,228,78230,350
黄金吧,2020/4/24,9:00-15:00,星期五,1,152,52,28,72,32299,87
黄金吧,2020/4/24,15:00-24:00,星期五,0,296,76,48,172,54598,202
黄金吧,2020/4/25,0:00-24:00,星期六,0,75,18,6,51,23920,69
黄金吧,2020/4/26,0:00-24:00,星期日,0,36,19,1,16,17378,30
黄金吧,2020/4/27,0:00-9:00,星期一,0,31,11,3,17,11725,51
黄金吧,2020/4/27,9:00-15:00,星期一,1,113,26,12,75,31154,64
黄金吧,2020/4/28,15:00-9:00,星期二,0,338,56,59,223,70790,203
黄金吧,2020/4/28,9:00-15:00,星期二,1,133,31,14,88,30439,82
黄金吧,2020/4/29,15:00-9:00,星期三,0,265,69,39,157,57038,234
黄金吧,2020/4/29,9:00-15:00,星期三,1,102,36,4,62,28183,42
黄金吧,2020/4/30,15:00-9:00,星期四,0,236,61,28,147,43087,162
黄金吧,2020/4/30,9:00-15:00,星期四,1,121,34,7,80,27938,92
黄金吧,2020/5/1,15:00-9:00,星期五,0,245,50,34,161,50740,209
黄金吧,2020/5/1,9:00-15:00,星期五,1,90,9,23,58,27236,85
黄金吧,2020/5/1,15:00-24:00,星期五,0,203,48,19,136,50222,184
黄金吧,2020/5/2,0:00-24:00,星期六,0,49,13,2,34,19480,74
黄金吧,2020/5/3,0:00-24:00,星期日,0,34,7,2,25,14315,58
黄金吧,2020/5/4,0:00-9:00,星期一,0,29,4,2,23,13650,75
黄金吧,2020/5/4,9:00-15:00,星期一,1,125,35,10,80,40510,154
黄金吧,2020/5/5,15:00-9:00,星期二,0,219,46,33,140,56598,210
黄金吧,2020/5/5,9:00-15:00,星期二,1,109,17,7,85,37749,127
黄金吧,2020/5/6,15:00-9:00,星期三,0,251,64,38,149,70225,222
黄金吧,2020/5/6,9:00-15:00,星期三,1,131,40,15,76,33506,76
黄金吧,2020/5/7,15:00-9:00,星期四,0,377,97,57,223,82666,285
黄金吧,2020/5/7,9:00-15:00,星期四,1,92,14,10,68,24724,47
黄金吧,2020/5/8,15:00-9:00,星期五,0,379,106,53,220,82660,324
黄金吧,2020/5/8,9:00-15:00,星期五,1,117,28,16,73,31844,114
黄金吧,2020/5/8,15:00-24:00,星期五,0,361,86,69,206,69775,274
黄金吧,2020/5/9,0:00-24:00,星期六,0,72,15,11,46,28306,78
黄金吧,2020/5/10,0:00-24:00,星期日,0,39,18,2,19,14459,19
黄金吧,2020/5/11,0:00-9:00,星期一,0,33,12,4,17,12571,60
黄金吧,2020/5/11,9:00-15:00,星期一,1,141,31,18,92,31680,83
黄金吧,2020/5/12,15:00-9:00,星期二,0,309,59,61,189,57901,199
黄金吧,2020/5/12,9:00-15:00,星期二,1,117,30,13,74,28170,60
黄金吧,2020/5/13,15:00-9:00,星期三,0,281,69,41,171,57510,186
黄金吧,2020/5/13,9:00-15:00,星期三,1,124,37,13,74,28474,76
黄金吧,2020/5/14,15:00-9:00,星期四,0,431,105,81,245,82428,299
黄金吧,2020/5/14,9:00-15:00,星期四,1,132,37,10,85,31002,81
黄金吧,2020/5/15,15:00-9:00,星期五,0,558,182,59,317,102847,407
黄金吧,2020/5/15,9:00-15:00,星期五,1,153,45,18,90,33992,99
黄金吧,2020/5/15,15:00-24:00,星期五,0,305,95,45,165,54962,255
黄金吧,2020/5/16,0:00-24:00,星期六,0,75,30,8,37,27113,83
黄金吧,2020/5/17,0:00-24:00,星期日,0,48,21,9,18,21220,70
黄金吧,2020/5/18,0:00-9:00,星期一,0,88,34,16,38,26076,120
黄金吧,2020/5/18,9:00-15:00,星期一,1,185,57,23,105,48786,162
黄金吧,2020/5/19,15:00-9:00,星期二,0,615,130,116,369,117852,439
黄金吧,2020/5/19,9:00-15:00,星期二,1,149,46,12,91,32962,112
黄金吧,2020/5/20,15:00-9:00,星期三,0,328,82,39,207,79197,366
黄金吧,2020/5/20,9:00-15:00,星期三,1,126,36,9,81,32245,82
黄金吧,2020/5/21,15:00-9:00,星期四,0,280,77,40,163,67769,289
黄金吧,2020/5/21,9:00-15:00,星期四,1,150,24,23,103,40845,108
黄金吧,2020/5/22,15:00-9:00,星期五,0,315,74,63,178,91065,366
黄金吧,2020/5/22,9:00-15:00,星期五,1,106,25,13,68,35115,77
黄金吧,2020/5/22,15:00-24:00,星期五,0,215,52,31,132,78778,168
黄金吧,2020/5/23,0:00-24:00,星期六,0,67,17,14,36,73966,96
黄金吧,2020/5/24,0:00-24:00,星期日,0,52,14,2,36,35382,49
黄金吧,2020/5/25,0:00-9:00,星期一,0,45,11,9,25,40819,55
黄金吧,2020/5/25,9:00-15:00,星期一,1,117,29,10,78,61030,115
黄金吧,2020/5/26,15:00-9:00,星期二,0,249,69,39,141,87325,251
黄金吧,2020/5/26,9:00-15:00,星期二,1,134,41,20,73,65335,108
黄金吧,2020/5/27,15:00-9:00,星期三,0,274,52,49,173,70594,188
黄金吧,2020/5/27,9:00-15:00,星期三,1,116,30,22,64,40558,76
黄金吧,2020/5/28,15:00-9:00,星期四,0,342,77,65,200,83686,289
黄金吧,2020/5/28,9:00-15:00,星期四,1,143,45,12,86,45809,105
黄金吧,2020/5/29,15:00-9:00,星期五,0,245,64,25,156,62599,209
黄金吧,2020/5/29,9:00-15:00,星期五,1,72,20,5,47,40222,69
黄金吧,2020/5/29,15:00-24:00,星期五,0,174,61,31,82,32925,139
黄金吧,2020/5/30,0:00-24:00,星期六,0,32,17,2,13,13402,51
黄金吧,2020/5/31,0:00-24:00,星期日,0,22,8,4,10,9306,30
黄金吧,2020/6/1,0:00-9:00,星期一,0,29,8,3,18,14838,57
黄金吧,2020/6/1,9:00-15:00,星期一,1,83,27,7,49,21237,102
黄金吧,2020/6/2,15:00-9:00,星期二,0,241,60,39,142,55285,241
黄金吧,2020/6/2,9:00-15:00,星期二,1,93,25,13,55,20318,90
黄金吧,2020/6/3,15:00-9:00,星期三,0,256,66,47,143,50255,213
黄金吧,2020/6/3,9:00-15:00,星期三,1,80,23,11,46,20021,94
黄金吧,2020/6/4,15:00-9:00,星期四,0,436,89,77,270,69112,255
黄金吧,2020/6/4,9:00-15:00,星期四,1,74,15,10,49,13921,53
黄金吧,2020/6/5,15:00-9:00,星期五,0,240,57,36,147,46360,210
黄金吧,2020/6/5,9:00-15:00,星期五,1,80,19,9,52,17110,85
黄金吧,2020/6/5,15:00-24:00,星期五,0,320,41,79,200,52472,161
黄金吧,2020/6/6,0:00-24:00,星期六,0,95,18,15,62,33984,110
黄金吧,2020/6/7,0:00-24:00,星期日,0,30,7,4,19,17214,61
黄金吧,2020/6/8,0:00-9:00,星期一,0,74,11,26,37,23798,107
黄金吧,2020/6/8,9:00-15:00,星期一,1,71,16,6,49,17409,35
黄金吧,2020/6/9,15:00-9:00,星期二,0,162,31,22,109,31329,200
黄金吧,2020/6/9,9:00-15:00,星期二,1,77,17,8,52,15231,62
黄金吧,2020/6/10,15:00-9:00,星期三,0,261,80,41,140,53933,309
黄金吧,2020/6/10,9:00-15:00,星期三,1,79,29,2,48,17486,60
黄金吧,2020/6/11,15:00-9:00,星期四,0,257,75,32,150,48762,287
黄金吧,2020/6/11,9:00-15:00,星期四,1,91,29,7,55,20337,69
黄金吧,2020/6/12,15:00-9:00,星期五,0,339,104,50,185,45050,209
黄金吧,2020/6/12,9:00-15:00,星期五,1,77,18,6,53,14101,62
黄金吧,2020/6/12,15:00-24:00,星期五,0,194,60,30,104,22957,114
黄金吧,2020/6/13,0:00-24:00,星期六,0,43,12,4,27,11283,33
黄金吧,2020/6/14,0:00-24:00,星期日,0,24,9,1,14,6557,4
黄金吧,2020/6/15,0:00-9:00,星期一,0,22,3,2,17,6048,23
黄金吧,2020/6/15,9:00-15:00,星期一,1,110,23,19,68,21277,54
黄金吧,2020/6/16,15:00-9:00,星期二,0,319,69,52,198,47917,190
黄金吧,2020/6/16,9:00-15:00,星期二,1,73,23,7,43,17176,59
黄金吧,2020/6/17,15:00-9:00,星期三,0,178,41,20,117,32472,99
黄金吧,2020/6/17,9:00-15:00,星期三,1,66,20,5,41,13756,59
黄金吧,2020/6/18,15:00-9:00,星期四,0,185,41,22,122,29939,154
黄金吧,2020/6/18,9:00-15:00,星期四,1,66,21,7,38,13825,40
黄金吧,2020/6/19,15:00-9:00,星期五,0,265,61,47,157,33837,213
黄金吧,2020/6/19,9:00-15:00,星期五,1,75,20,7,48,14139,26
黄金吧,2020/6/19,15:00-24:00,星期五,0,191,46,33,112,17879,84
黄金吧,2020/6/20,0:00-24:00,星期六,0,45,17,2,26,13664,50
黄金吧,2020/6/21,0:00-24:00,星期日,0,26,11,4,11,7413,32
黄金吧,2020/6/22,0:00-9:00,星期一,0,35,6,9,20,10081,48
黄金吧,2020/6/22,9:00-15:00,星期一,1,126,46,15,65,24118,109
黄金吧,2020/6/23,15:00-9:00,星期二,0,302,87,50,165,44069,324
黄金吧,2020/6/23,9:00-15:00,星期二,1,81,29,9,43,15309,84
黄金吧,2020/6/24,15:00-9:00,星期三,0,334,94,47,193,32272,172
黄金吧,2020/6/24,9:00-15:00,星期三,1,99,38,16,45,13541,61
黄金吧,2020/6/25,15:00-9:00,星期四,0,284,76,50,158,38392,239
黄金吧,2020/6/25,9:00-15:00,星期四,1,60,14,7,39,16070,44
黄金吧,2020/6/26,15:00-9:00,星期五,0,149,50,24,75,34937,185
黄金吧,2020/6/26,9:00-15:00,星期五,1,52,10,7,35,16187,43
黄金吧,2020/6/26,15:00-24:00,星期五,0,184,52,33,99,36681,173
黄金吧,2020/6/27,0:00-24:00,星期六,0,77,26,9,42,20546,74
黄金吧,2020/6/28,0:00-24:00,星期日,0,50,25,4,21,18762,82
黄金吧,2020/6/29,0:00-9:00,星期一,0,34,9,7,18,7593,47
黄金吧,2020/6/29,9:00-15:00,星期一,1,84,27,5,52,14730,48
黄金吧,2020/6/30,15:00-9:00,星期二,0,201,55,24,122,24196,101
黄金吧,2020/6/30,9:00-15:00,星期二,1,81,19,6,56,12715,69
黄金吧,2020/7/1,15:00-9:00,星期三,0,354,108,51,195,31218,114
黄金吧,2020/7/1,9:00-15:00,星期三,1,97,24,12,61,16312,57
黄金吧,2020/7/2,15:00-9:00,星期四,0,353,86,65,202,41913,212
黄金吧,2020/7/2,9:00-15:00,星期四,1,52,13,4,35,17508,74
黄金吧,2020/7/3,15:00-9:00,星期五,0,323,75,63,185,41908,196
黄金吧,2020/7/3,9:00-15:00,星期五,1,59,20,3,36,11383,35
黄金吧,2020/7/3,15:00-24:00,星期五,0,48,13,9,26,7532,30
黄金吧,2020/7/4,0:00-24:00,星期六,0,17,4,5,8,2595,2
黄金吧,2020/7/5,0:00-24:00,星期日,0,11,2,2,7,3651,37
黄金吧,2020/7/6,0:00-9:00,星期一,0,19,9,1,9,6544,36
黄金吧,2020/7/6,9:00-15:00,星期一,1,52,12,11,29,8678,31
黄金吧,2020/7/7,15:00-9:00,星期二,0,160,48,15,97,16190,85
黄金吧,2020/7/7,9:00-15:00,星期二,1,42,16,4,22,6525,20
黄金吧,2020/7/8,15:00-9:00,星期三,0,277,95,31,151,29190,152
黄金吧,2020/7/8,9:00-15:00,星期三,1,61,20,5,36,14556,38
黄金吧,2020/7/9,15:00-9:00,星期四,0,277,85,37,155,31516,168
黄金吧,2020/7/9,9:00-15:00,星期四,1,52,17,4,31,9963,23
黄金吧,2020/7/10,15:00-9:00,星期五,0,211,48,37,126,23403,98
黄金吧,2020/7/10,9:00-15:00,星期五,1,43,10,5,28,9000,62
黄金吧,2020/7/10,15:00-24:00,星期五,0,136,34,15,87,18492,142
黄金吧,2020/7/11,0:00-24:00,星期六,0,25,5,3,17,4627,8
黄金吧,2020/7/12,0:00-24:00,星期日,0,16,10,1,5,2504,10
黄金吧,2020/7/13,0:00-9:00,星期一,0,13,8,0,5,2081,7
黄金吧,2020/7/13,9:00-15:00,星期一,1,49,19,5,25,9391,53
黄金吧,2020/7/14,15:00-9:00,星期二,0,195,50,32,113,19563,61
黄金吧,2020/7/14,9:00-15:00,星期二,1,76,18,11,47,11539,26
黄金吧,2020/7/15,15:00-9:00,星期三,0,184,61,17,106,18358,67
黄金吧,2020/7/15,9:00-15:00,星期三,1,64,21,3,40,10501,57
黄金吧,2020/7/16,15:00-9:00,星期四,0,143,39,27,77,15430,57
黄金吧,2020/7/16,9:00-15:00,星期四,1,69,18,12,39,10087,26
黄金吧,2020/7/17,15:00-9:00,星期五,0,133,24,19,90,12035,28
黄金吧,2020/7/17,9:00-15:00,星期五,1,52,12,6,34,7884,39
黄金吧,2020/7/17,15:00-24:00,星期五,0,85,31,10,44,12967,64
黄金吧,2020/7/18,0:00-24:00,星期六,0,32,13,1,18,6925,24
黄金吧,2020/7/19,0:00-24:00,星期日,0,17,6,1,10,4631,17
黄金吧,2020/7/20,0:00-9:00,星期一,0,14,2,4,8,4346,29
黄金吧,2020/7/20,9:00-15:00,星期一,1,37,7,3,27,8192,17
黄金吧,2020/7/21,15:00-9:00,星期二,0,112,47,13,52,17344,79
黄金吧,2020/7/21,9:00-15:00,星期二,1,52,12,7,33,8912,25
黄金吧,2020/7/22,15:00-9:00,星期三,0,307,106,32,169,42752,223
黄金吧,2020/7/22,9:00-15:00,星期三,1,127,41,15,71,20026,64
黄金吧,2020/7/23,15:00-9:00,星期四,0,324,104,53,167,58724,419
黄金吧,2020/7/23,9:00-15:00,星期四,1,60,18,5,37,11901,57
黄金吧,2020/7/24,15:00-9:00,星期五,0,384,115,58,211,51089,223
黄金吧,2020/7/24,9:00-15:00,星期五,1,61,22,4,35,11788,57
黄金吧,2020/7/24,15:00-24:00,星期五,0,291,105,36,150,30692,166
黄金吧,2020/7/25,0:00-24:00,星期六,0,66,26,7,33,17391,46
黄金吧,2020/7/26,0:00-24:00,星期日,0,21,9,1,11,8002,20
黄金吧,2020/7/27,0:00-9:00,星期一,0,67,23,4,40,20756,165
黄金吧,2020/7/27,9:00-15:00,星期一,1,183,59,32,92,35385,151
黄金吧,2020/7/28,15:00-9:00,星期二,0,615,164,106,345,104318,538
黄金吧,2020/7/28,9:00-15:00,星期二,1,351,64,77,210,54134,243
黄金吧,2020/7/29,15:00-9:00,星期三,0,775,215,147,413,147948,823
黄金吧,2020/7/29,9:00-15:00,星期三,1,114,22,14,78,23587,87
黄金吧,2020/7/30,15:00-9:00,星期四,0,356,91,65,200,57493,292
黄金吧,2020/7/30,9:00-15:00,星期四,1,142,35,11,96,25176,65
黄金吧,2020/7/31,15:00-9:00,星期五,0,501,137,77,287,76765,382
黄金吧,2020/7/31,9:00-15:00,星期五,1,241,80,32,129,34632,203
黄金吧,2020/7/31,15:00-24:00,星期五,0,381,86,66,229,56473,354
黄金吧,2020/8/1,0:00-24:00,星期六,0,64,22,9,33,19764,90
黄金吧,2020/8/2,0:00-24:00,星期日,0,49,19,5,25,12943,36
黄金吧,2020/8/3,0:00-9:00,星期一,0,87,18,11,58,16586,74
黄金吧,2020/8/3,9:00-15:00,星期一,1,112,34,19,59,22963,83
黄金吧,2020/8/4,15:00-9:00,星期二,0,267,74,49,144,40282,211
黄金吧,2020/8/4,9:00-15:00,星期二,1,64,19,4,41,12337,51
黄金吧,2020/8/5,15:00-9:00,星期三,0,683,218,109,356,76713,378
黄金吧,2020/8/5,9:00-15:00,星期三,1,121,34,15,72,21542,177
黄金吧,2020/8/6,15:00-9:00,星期四,0,689,187,124,378,79973,446
黄金吧,2020/8/6,9:00-15:00,星期四,1,121,26,16,79,17257,74
黄金吧,2020/8/7,15:00-9:00,星期五,0,675,160,129,386,86021,399
黄金吧,2020/8/7,9:00-15:00,星期五,1,177,33,47,97,28328,166
黄金吧,2020/8/7,15:00-24:00,星期五,0,500,114,115,271,61771,250
黄金吧,2020/8/8,0:00-24:00,星期六,0,120,31,22,67,23117,74
黄金吧,2020/8/9,0:00-24:00,星期日,0,50,15,7,28,18653,108
黄金吧,2020/8/10,0:00-9:00,星期一,0,96,21,16,59,19112,121
黄金吧,2020/8/10,9:00-15:00,星期一,1,102,26,13,63,23615,74
黄金吧,2020/8/11,15:00-9:00,星期二,0,426,109,82,235,75713,354
黄金吧,2020/8/11,9:00-15:00,星期二,1,193,39,38,116,31880,137
黄金吧,2020/8/12,15:00-9:00,星期三,0,1604,312,364,928,221333,1396
黄金吧,2020/8/12,9:00-15:00,星期三,1,428,96,79,253,69744,345
黄金吧,2020/8/13,15:00-9:00,星期四,0,707,204,124,379,115211,743
黄金吧,2020/8/13,9:00-15:00,星期四,1,107,26,19,62,23131,187
黄金吧,2020/8/14,15:00-9:00,星期五,0,409,106,70,233,68402,494
黄金吧,2020/8/14,9:00-15:00,星期五,1,84,31,6,47,18897,113
黄金吧,2020/8/14,15:00-24:00,星期五,0,176,40,36,100,30237,167
黄金吧,2020/8/15,0:00-24:00,星期六,0,53,17,12,24,17601,101
黄金吧,2020/8/16,0:00-24:00,星期日,0,30,12,5,13,9202,33
黄金吧,2020/8/17,0:00-9:00,星期一,0,51,11,6,34,12150,59
黄金吧,2020/8/17,9:00-15:00,星期一,1,98,31,7,60,18933,82
黄金吧,2020/8/18,15:00-9:00,星期二,0,511,164,86,261,83807,535
黄金吧,2020/8/18,9:00-15:00,星期二,1,185,55,35,95,36211,159
黄金吧,2020/8/19,15:00-9:00,星期三,0,626,149,144,333,100434,611
黄金吧,2020/8/19,9:00-15:00,星期三,1,160,37,17,106,31655,93
黄金吧,2020/8/20,15:00-9:00,星期四,0,655,150,135,370,105063,615
黄金吧,2020/8/20,9:00-15:00,星期四,1,161,45,19,97,27104,140
黄金吧,2020/8/21,15:00-9:00,星期五,0,395,106,70,219,65752,437
黄金吧,2020/8/21,9:00-15:00,星期五,1,105,26,16,63,20250,115
黄金吧,2020/8/21,15:00-24:00,星期五,0,394,96,89,209,60661,307
黄金吧,2020/8/22,0:00-24:00,星期六,0,49,20,7,22,14042,68
黄金吧,2020/8/23,0:00-24:00,星期日,0,21,10,0,11,5111,21
黄金吧,2020/8/24,0:00-9:00,星期一,0,65,11,12,42,14673,78
黄金吧,2020/8/24,9:00-15:00,星期一,1,93,29,6,58,18546,41
黄金吧,2020/8/25,15:00-9:00,星期二,0,415,121,63,231,63127,318
黄金吧,2020/8/25,9:00-15:00,星期二,1,89,28,5,56,18102,81
黄金吧,2020/8/26,15:00-9:00,星期三,0,348,65,74,209,52963,240
黄金吧,2020/8/26,9:00-15:00,星期三,1,107,25,9,73,21901,68
黄金吧,2020/8/27,15:00-9:00,星期四,0,451,111,91,249,52646,345
黄金吧,2020/8/27,9:00-15:00,星期四,1,158,36,23,99,23637,69
黄金吧,2020/8/28,15:00-9:00,星期五,0,862,184,182,496,107764,530
黄金吧,2020/8/28,9:00-15:00,星期五,1,101,27,14,60,18456,92
黄金吧,2020/8/28,15:00-24:00,星期五,0,272,80,45,147,43706,253
黄金吧,2020/8/29,0:00-24:00,星期六,0,43,20,4,19,17054,110
黄金吧,2020/8/30,0:00-24:00,星期日,0,16,7,0,9,8044,25
黄金吧,2020/8/31,0:00-9:00,星期一,0,67,15,15,37,13467,105
黄金吧,2020/8/31,9:00-15:00,星期一,1,101,25,17,59,22954,59
黄金吧,2020/9/1,15:00-9:00,星期二,0,293,83,49,161,53889,251
黄金吧,2020/9/1,9:00-15:00,星期二,1,204,56,29,119,33480,117
黄金吧,2020/9/2,15:00-9:00,星期三,0,509,129,93,287,83479,450
黄金吧,2020/9/2,9:00-15:00,星期三,1,133,19,21,93,24855,99
黄金吧,2020/9/3,15:00-9:00,星期四,0,536,125,98,313,91658,570
黄金吧,2020/9/3,9:00-15:00,星期四,1,139,31,18,90,26775,94
黄金吧,2020/9/4,15:00-9:00,星期五,0,438,95,88,255,63254,328
黄金吧,2020/9/4,9:00-15:00,星期五,1,116,27,13,76,23160,63
黄金吧,2020/9/4,15:00-24:00,星期五,0,313,64,60,189,57455,237
黄金吧,2020/9/5,0:00-24:00,星期六,0,46,15,7,24,15490,91
黄金吧,2020/9/6,0:00-24:00,星期日,0,28,7,4,17,7163,29
黄金吧,2020/9/7,0:00-9:00,星期一,0,25,5,3,17,7933,31
黄金吧,2020/9/7,9:00-15:00,星期一,1,98,24,16,58,20718,52
黄金吧,2020/9/8,15:00-9:00,星期二,0,150,36,30,84,27194,109
黄金吧,2020/9/8,9:00-15:00,星期二,1,112,29,12,71,20143,87
黄金吧,2020/9/9,15:00-9:00,星期三,0,414,105,61,248,51911,223
黄金吧,2020/9/9,9:00-15:00,星期三,1,106,24,15,67,17090,67
黄金吧,2020/9/10,15:00-9:00,星期四,0,335,91,51,193,32264,118
黄金吧,2020/9/10,9:00-15:00,星期四,1,73,16,12,45,13260,35
黄金吧,2020/9/11,15:00-9:00,星期五,0,281,88,37,156,19916,46
黄金吧,2020/9/15,15:00-9:00,星期二,0,52,9,9,34,8553,41
黄金吧,2020/9/15,9:00-15:00,星期二,1,104,24,8,72,20370,48
黄金吧,2020/9/16,15:00-9:00,星期三,0,321,83,63,175,56698,293
黄金吧,2020/9/16,9:00-15:00,星期三,1,124,33,15,76,22115,34
黄金吧,2020/9/17,15:00-9:00,星期四,0,352,95,59,198,55565,267
黄金吧,2020/9/17,9:00-15:00,星期四,1,163,29,28,106,30239,75
黄金吧,2020/9/18,15:00-9:00,星期五,0,259,64,41,154,43723,206
黄金吧,2020/9/18,9:00-15:00,星期五,1,87,14,13,60,18728,41
黄金吧,2020/9/18,15:00-24:00,星期五,0,129,31,27,71,20872,95
黄金吧,2020/9/19,0:00-24:00,星期六,0,16,4,2,10,4315,30
黄金吧,2020/9/20,0:00-24:00,星期日,0,17,7,1,9,5026,10
黄金吧,2020/9/21,0:00-9:00,星期一,0,18,4,0,14,5127,13
黄金吧,2020/9/21,9:00-15:00,星期一,1,73,20,5,48,15210,38
黄金吧,2020/9/22,15:00-9:00,星期二,0,758,147,165,446,121130,622
黄金吧,2020/9/22,9:00-15:00,星期二,1,133,24,17,92,24519,46
黄金吧,2020/9/23,15:00-9:00,星期三,0,346,98,54,194,60134,236
黄金吧,2020/9/23,9:00-15:00,星期三,1,186,34,22,130,33059,97
黄金吧,2020/9/24,15:00-9:00,星期四,0,578,129,112,337,93244,501
黄金吧,2020/9/24,9:00-15:00,星期四,1,141,20,24,97,26309,101
黄金吧,2020/9/25,15:00-9:00,星期五,0,347,91,53,203,53863,229
黄金吧,2020/9/25,9:00-15:00,星期五,1,103,21,8,74,19048,65
黄金吧,2020/9/25,15:00-24:00,星期五,0,182,39,31,112,30740,187
黄金吧,2020/9/26,0:00-24:00,星期六,0,33,5,6,22,11447,53
黄金吧,2020/9/27,0:00-24:00,星期日,0,9,4,1,4,2669,11
黄金吧,2020/9/28,0:00-9:00,星期一,0,28,5,3,20,7530,26
黄金吧,2020/9/28,9:00-15:00,星期一,1,90,15,9,66,16433,56
黄金吧,2020/9/29,15:00-9:00,星期二,0,235,59,25,151,38444,134
黄金吧,2020/9/29,9:00-15:00,星期二,1,89,22,9,58,16382,44
黄金吧,2020/9/30,15:00-9:00,星期三,0,214,72,27,115,42835,174
黄金吧,2020/9/30,9:00-15:00,星期三,1,69,20,5,44,14913,43
黄金吧,2020/10/1,15:00-9:00,星期四,0,141,51,20,70,28899,159
黄金吧,2020/10/1,9:00-15:00,星期四,1,41,13,5,23,15179,47
黄金吧,2020/10/2,15:00-9:00,星期五,0,126,35,23,68,34934,155
黄金吧,2020/10/2,9:00-15:00,星期五,1,85,24,15,46,33843,93
黄金吧,2020/10/2,15:00-24:00,星期五,0,119,31,26,62,36798,153
黄金吧,2020/10/3,0:00-24:00,星期六,0,17,1,5,11,7739,12
黄金吧,2020/10/4,0:00-24:00,星期日,0,10,1,3,6,4816,9
黄金吧,2020/10/5,0:00-9:00,星期一,0,8,2,0,6,4011,7
黄金吧,2020/10/5,9:00-15:00,星期一,1,50,8,12,30,23390,86
黄金吧,2020/10/6,15:00-9:00,星期二,0,129,25,18,86,48955,210
黄金吧,2020/10/6,9:00-15:00,星期二,1,34,9,3,22,15766,29
黄金吧,2020/10/7,15:00-9:00,星期三,0,209,50,44,115,64752,241
黄金吧,2020/10/7,9:00-15:00,星期三,1,83,11,12,60,29535,49
黄金吧,2020/10/8,15:00-9:00,星期四,0,152,31,35,86,49855,148
黄金吧,2020/10/8,9:00-15:00,星期四,1,81,13,15,53,29531,64
黄金吧,2020/10/9,15:00-9:00,星期五,0,193,60,35,98,54368,188
黄金吧,2020/10/9,9:00-15:00,星期五,1,97,31,18,48,21495,83
黄金吧,2020/10/9,15:00-24:00,星期五,0,198,60,42,96,43792,178
黄金吧,2020/10/10,0:00-24:00,星期六,0,51,15,7,29,18080,59
黄金吧,2020/10/11,0:00-24:00,星期日,0,16,6,5,5,5777,19
黄金吧,2020/10/12,0:00-9:00,星期一,0,23,3,5,15,7685,33
黄金吧,2020/10/12,9:00-15:00,星期一,1,88,22,8,58,21207,70
黄金吧,2020/10/13,15:00-9:00,星期二,0,161,45,21,95,34121,140
黄金吧,2020/10/13,9:00-15:00,星期二,1,81,13,7,61,19126,99
黄金吧,2020/10/14,15:00-9:00,星期三,0,273,50,47,176,58309,225
黄金吧,2020/10/14,9:00-15:00,星期三,1,101,15,14,72,22049,58
黄金吧,2020/10/15,15:00-9:00,星期四,0,198,53,47,98,42899,154
黄金吧,2020/10/15,9:00-15:00,星期四,1,58,14,12,32,12988,24
黄金吧,2020/10/16,15:00-9:00,星期五,0,163,43,18,102,34193,152
黄金吧,2020/10/16,9:00-15:00,星期五,1,64,10,9,45,11864,15
黄金吧,2020/10/16,15:00-24:00,星期五,0,124,33,18,73,24380,116
黄金吧,2020/10/17,0:00-24:00,星期六,0,18,4,3,11,5179,9
黄金吧,2020/10/18,0:00-24:00,星期日,0,6,2,0,4,2456,9
黄金吧,2020/10/19,0:00-9:00,星期一,0,15,2,2,11,4022,5
黄金吧,2020/10/19,9:00-15:00,星期一,1,72,25,10,37,15366,51
黄金吧,2020/10/20,15:00-9:00,星期二,0,161,44,29,88,33206,137
黄金吧,2020/10/20,9:00-15:00,星期二,1,72,13,5,54,15792,35
黄金吧,2020/10/21,15:00-9:00,星期三,0,185,48,29,108,34654,78
黄金吧,2020/10/21,9:00-15:00,星期三,1,87,23,14,50,17390,41
黄金吧,2020/10/22,15:00-9:00,星期四,0,210,46,53,111,35141,161
黄金吧,2020/10/22,9:00-15:00,星期四,1,80,16,8,56,13680,22
黄金吧,2020/10/23,15:00-9:00,星期五,0,182,40,43,99,34307,123
黄金吧,2020/10/23,9:00-15:00,星期五,1,66,12,7,47,13186,36
黄金吧,2020/10/23,15:00-24:00,星期五,0,103,25,14,64,18604,70
黄金吧,2020/10/24,0:00-24:00,星期六,0,8,2,0,6,2734,14
黄金吧,2020/10/25,0:00-24:00,星期日,0,13,3,2,8,3807,21
黄金吧,2020/10/26,0:00-9:00,星期一,0,20,3,3,14,6284,7
黄金吧,2020/10/26,9:00-15:00,星期一,1,76,16,6,54,17705,49
黄金吧,2020/10/27,15:00-9:00,星期二,0,142,28,21,93,25973,78
黄金吧,2020/10/27,9:00-15:00,星期二,1,66,14,5,47,14137,61
黄金吧,2020/10/28,15:00-9:00,星期三,0,161,40,27,94,29095,89
黄金吧,2020/10/28,9:00-15:00,星期三,1,66,11,3,52,11684,24
黄金吧,2020/10/29,15:00-9:00,星期四,0,415,93,77,245,59749,204
黄金吧,2020/10/29,9:00-15:00,星期四,1,76,16,6,54,19119,43
黄金吧,2020/10/30,15:00-9:00,星期五,0,228,41,42,145,38881,112
黄金吧,2020/10/30,9:00-15:00,星期五,1,74,14,11,49,14968,46
黄金吧,2020/10/30,15:00-24:00,星期五,0,118,19,21,78,22759,89
黄金吧,2020/10/31,0:00-24:00,星期六,0,13,4,1,8,4636,31
黄金吧,2020/11/1,0:00-24:00,星期日,0,11,3,0,8,5392,27
黄金吧,2020/11/2,0:00-9:00,星期一,0,21,4,0,17,6959,15
黄金吧,2020/11/2,9:00-15:00,星期一,1,65,11,5,49,14590,31
黄金吧,2020/11/3,15:00-9:00,星期二,0,166,36,22,108,31987,97
黄金吧,2020/11/3,9:00-15:00,星期二,1,79,17,11,51,16932,44
黄金吧,2020/11/4,15:00-9:00,星期三,0,174,44,25,105,38972,131
黄金吧,2020/11/4,9:00-15:00,星期三,1,111,19,16,76,23450,61
黄金吧,2020/11/5,15:00-9:00,星期四,0,127,31,11,85,33215,172
黄金吧,2020/11/5,9:00-15:00,星期四,1,67,20,6,41,13880,21
黄金吧,2020/11/6,15:00-9:00,星期五,0,373,111,59,203,60179,257
黄金吧,2020/11/6,9:00-15:00,星期五,1,87,19,16,52,19850,45
黄金吧,2020/11/6,15:00-24:00,星期五,0,220,58,35,127,49073,209
黄金吧,2020/11/7,0:00-24:00,星期六,0,29,8,4,17,10782,71
黄金吧,2020/11/8,0:00-24:00,星期日,0,22,9,1,12,11356,42
黄金吧,2020/11/9,0:00-9:00,星期一,0,32,11,6,15,11303,35
黄金吧,2020/11/9,9:00-15:00,星期一,1,85,25,10,50,19646,48
黄金吧,2020/11/10,15:00-9:00,星期二,0,1000,198,247,555,177524,742
黄金吧,2020/11/10,9:00-15:00,星期二,1,105,15,12,78,32631,78
黄金吧,2020/11/11,15:00-9:00,星期三,0,257,47,58,152,44271,138
黄金吧,2020/11/11,9:00-15:00,星期三,1,53,12,9,32,13311,38
黄金吧,2020/11/12,15:00-9:00,星期四,0,220,39,44,137,47191,167
黄金吧,2020/11/12,9:00-15:00,星期四,1,68,15,6,47,15407,34
黄金吧,2020/11/13,15:00-9:00,星期五,0,173,46,38,89,34516,113
黄金吧,2020/11/13,9:00-15:00,星期五,1,49,8,5,36,12188,44
黄金吧,2020/11/13,15:00-24:00,星期五,0,152,44,31,77,34171,120
黄金吧,2020/11/14,0:00-24:00,星期六,0,26,8,1,17,10546,37
黄金吧,2020/11/15,0:00-24:00,星期日,0,11,6,0,5,3399,3
黄金吧,2020/11/16,0:00-9:00,星期一,0,11,5,0,6,3511,10
黄金吧,2020/11/16,9:00-15:00,星期一,1,68,12,7,49,15824,45
黄金吧,2020/11/17,15:00-9:00,星期二,0,361,85,81,195,66275,216
黄金吧,2020/11/17,9:00-15:00,星期二,1,75,22,12,41,13779,23
黄金吧,2020/11/18,15:00-9:00,星期三,0,176,32,32,112,35609,167
黄金吧,2020/11/18,9:00-15:00,星期三,1,55,8,5,42,13847,48
黄金吧,2020/11/19,15:00-9:00,星期四,0,198,48,36,114,44844,157
黄金吧,2020/11/19,9:00-15:00,星期四,1,65,15,10,40,14994,55
黄金吧,2020/11/20,15:00-9:00,星期五,0,295,59,55,181,50736,230
黄金吧,2020/11/20,9:00-15:00,星期五,1,49,6,10,33,10964,38
黄金吧,2020/11/20,15:00-24:00,星期五,0,123,28,9,86,22772,120
黄金吧,2020/11/21,0:00-24:00,星期六,0,29,13,4,12,8219,40
黄金吧,2020/11/22,0:00-24:00,星期日,0,13,2,2,9,4203,10
黄金吧,2020/11/23,0:00-9:00,星期一,0,13,2,1,10,4214,15
黄金吧,2020/11/23,9:00-15:00,星期一,1,46,13,4,29,9025,3
黄金吧,2020/11/24,15:00-9:00,星期二,0,351,65,71,215,53940,191
黄金吧,2020/11/24,9:00-15:00,星期二,1,115,25,12,78,29976,113
黄金吧,2020/11/25,15:00-9:00,星期三,0,577,100,125,352,94182,424
黄金吧,2020/11/25,9:00-15:00,星期三,1,128,24,23,81,21921,62
黄金吧,2020/11/26,15:00-9:00,星期四,0,184,43,29,112,34927,157
黄金吧,2020/11/26,9:00-15:00,星期四,1,53,17,5,31,10864,29
黄金吧,2020/11/27,15:00-9:00,星期五,0,178,38,32,108,34067,129
黄金吧,2020/11/27,9:00-15:00,星期五,1,56,18,6,32,11066,39
黄金吧,2020/11/27,15:00-24:00,星期五,0,339,68,74,197,67503,336
黄金吧,2020/11/28,0:00-24:00,星期六,0,92,24,13,55,36188,152
黄金吧,2020/11/29,0:00-24:00,星期日,0,41,9,4,28,13883,53
黄金吧,2020/11/30,0:00-9:00,星期一,0,44,8,8,28,10676,43
黄金吧,2020/11/30,9:00-15:00,星期一,1,115,18,17,80,27608,63
黄金吧,2020/12/1,15:00-9:00,星期二,0,181,36,29,116,37801,124
黄金吧,2020/12/1,9:00-15:00,星期二,1,1,0,0,1,94,2
黄金吧,2020/12/2,15:00-9:00,星期三,0,51,9,11,31,13355,61
黄金吧,2020/12/2,9:00-15:00,星期三,1,64,12,5,47,17973,65
黄金吧,2020/12/3,15:00-9:00,星期四,0,295,58,58,179,57524,358
黄金吧,2020/12/3,9:00-15:00,星期四,1,85,25,7,53,22405,144
黄金吧,2020/12/4,15:00-9:00,星期五,0,240,57,65,118,44344,218
黄金吧,2020/12/4,9:00-15:00,星期五,1,70,13,7,50,13445,49
黄金吧,2020/12/4,15:00-24:00,星期五,0,204,35,42,127,40438,199
黄金吧,2020/12/5,0:00-24:00,星期六,0,23,4,3,16,11810,107
黄金吧,2020/12/6,0:00-24:00,星期日,0,12,2,0,10,4692,16
黄金吧,2020/12/7,0:00-9:00,星期一,0,15,3,1,11,4270,14
黄金吧,2020/12/7,9:00-15:00,星期一,1,62,12,11,39,14626,74
黄金吧,2020/12/8,15:00-9:00,星期二,0,344,80,55,209,50080,268
黄金吧,2020/12/8,9:00-15:00,星期二,1,84,21,20,43,26681,118
黄金吧,2020/12/9,15:00-9:00,星期三,0,194,46,40,108,36176,211
黄金吧,2020/12/9,9:00-15:00,星期三,1,95,19,17,59,20375,105
黄金吧,2020/12/10,15:00-9:00,星期四,0,213,30,37,146,31931,158
黄金吧,2020/12/10,9:00-15:00,星期四,1,50,3,4,43,13871,58
黄金吧,2020/12/11,15:00-9:00,星期五,0,173,33,25,115,31642,124
黄金吧,2020/12/11,9:00-15:00,星期五,1,57,11,5,41,13011,104
黄金吧,2020/12/11,15:00-24:00,星期五,0,101,23,19,59,16416,114
黄金吧,2020/12/12,0:00-24:00,星期六,0,25,5,3,17,7352,32
黄金吧,2020/12/13,0:00-24:00,星期日,0,18,3,4,11,5461,27
黄金吧,2020/12/14,0:00-9:00,星期一,0,13,3,2,8,3424,25
黄金吧,2020/12/14,9:00-15:00,星期一,1,81,8,7,66,20782,53
黄金吧,2020/12/15,15:00-9:00,星期二,0,173,27,25,121,34400,118
黄金吧,2020/12/15,9:00-15:00,星期二,1,65,12,6,47,15546,59
黄金吧,2020/12/16,15:00-9:00,星期三,0,166,43,23,100,36560,164
黄金吧,2020/12/16,9:00-15:00,星期三,1,73,18,10,45,14388,42
黄金吧,2020/12/17,15:00-9:00,星期四,0,154,37,26,91,33362,131
黄金吧,2020/12/17,9:00-15:00,星期四,1,81,21,10,50,16771,52
黄金吧,2020/12/18,15:00-9:00,星期五,0,288,69,54,165,52889,255
黄金吧,2020/12/18,9:00-15:00,星期五,1,79,19,8,52,16501,69
黄金吧,2020/12/18,15:00-24:00,星期五,0,110,21,15,74,19661,52
黄金吧,2020/12/19,0:00-24:00,星期六,0,26,4,5,17,8341,43
黄金吧,2020/12/20,0:00-24:00,星期日,0,15,2,2,11,7425,20
黄金吧,2020/12/21,0:00-9:00,星期一,0,20,5,3,12,6619,42
黄金吧,2020/12/21,9:00-15:00,星期一,1,77,17,14,46,20938,112
黄金吧,2020/12/22,15:00-9:00,星期二,0,342,63,82,197,49617,182
黄金吧,2020/12/22,9:00-15:00,星期二,1,94,24,14,56,22114,113
黄金吧,2020/12/23,15:00-9:00,星期三,0,183,46,30,107,32277,156
黄金吧,2020/12/23,9:00-15:00,星期三,1,63,10,6,47,13702,73
黄金吧,2020/12/24,15:00-9:00,星期四,0,155,33,18,104,30442,158
黄金吧,2020/12/24,9:00-15:00,星期四,1,59,16,3,40,10948,39
黄金吧,2020/12/25,15:00-9:00,星期五,0,119,27,14,78,19291,60
黄金吧,2020/12/25,9:00-15:00,星期五,1,14,6,0,8,3909,21
黄金吧,2020/12/25,15:00-24:00,星期五,0,9,3,3,3,975,1
黄金吧,2020/12/26,0:00-24:00,星期六,0,9,2,1,6,1216,4
黄金吧,2020/12/27,0:00-24:00,星期日,0,16,4,1,11,8901,29
黄金吧,2020/12/28,0:00-9:00,星期一,0,16,7,1,8,4925,40
黄金吧,2020/12/28,9:00-15:00,星期一,1,102,29,10,63,23314,85
黄金吧,2020/12/29,15:00-9:00,星期二,0,222,61,27,134,30832,120
黄金吧,2020/12/29,9:00-15:00,星期二,1,82,18,9,55,14546,58
黄金吧,2020/12/30,15:00-9:00,星期三,0,143,32,19,92,20439,90
黄金吧,2020/12/30,9:00-15:00,星期三,1,54,14,9,31,14231,88
黄金吧,2020/12/31,15:00-9:00,星期四,0,158,32,31,95,24421,115
黄金吧,2020/12/31,9:00-15:00,星期四,1,72,22,10,40,12271,30
黄金概念吧,2020/1/1,15:00-9:00,星期三,0,1,1,0,0,153,0
黄金概念吧,2020/1/3,9:00-15:00,星期五,1,8,2,2,4,1304,0
黄金概念吧,2020/1/3,15:00-24:00,星期五,0,1,1,0,0,216,0
黄金概念吧,2020/1/4,0:00-24:00,星期六,0,4,1,0,3,1353,1
黄金概念吧,2020/1/6,0:00-9:00,星期一,0,1,0,0,1,236,0
黄金概念吧,2020/1/6,9:00-15:00,星期一,1,6,3,0,3,1021,0
黄金概念吧,2020/1/7,15:00-9:00,星期二,0,1,0,0,1,556,2
黄金概念吧,2020/1/7,9:00-15:00,星期二,1,1,0,0,1,148,0
黄金概念吧,2020/1/8,15:00-9:00,星期三,0,1,0,0,1,237,0
黄金概念吧,2020/1/8,9:00-15:00,星期三,1,14,2,0,12,2468,4
黄金概念吧,2020/1/9,15:00-9:00,星期四,0,12,5,1,6,4684,1
黄金概念吧,2020/1/9,9:00-15:00,星期四,1,6,2,2,2,1068,0
黄金概念吧,2020/1/10,15:00-9:00,星期五,0,1,0,0,1,210,0
黄金概念吧,2020/1/10,9:00-15:00,星期五,1,3,1,0,2,510,2
黄金概念吧,2020/1/13,9:00-15:00,星期一,1,3,1,0,2,587,0
黄金概念吧,2020/1/14,15:00-9:00,星期二,0,1,0,0,1,162,0
黄金概念吧,2020/1/14,9:00-15:00,星期二,1,7,2,0,5,1551,1
黄金概念吧,2020/1/15,9:00-15:00,星期三,1,4,2,0,2,889,1
黄金概念吧,2020/1/16,15:00-9:00,星期四,0,3,1,0,2,1563,0
黄金概念吧,2020/1/16,9:00-15:00,星期四,1,5,2,0,3,1075,0
黄金概念吧,2020/1/17,9:00-15:00,星期五,1,1,0,0,1,293,0
黄金概念吧,2020/1/19,0:00-24:00,星期日,0,2,1,0,1,863,0
黄金概念吧,2020/1/20,9:00-15:00,星期一,1,4,3,0,1,888,0
黄金概念吧,2020/1/21,9:00-15:00,星期二,1,4,0,1,3,947,0
黄金概念吧,2020/1/22,9:00-15:00,星期三,1,3,1,0,2,657,0
黄金概念吧,2020/1/23,9:00-15:00,星期四,1,4,1,0,3,951,0
黄金概念吧,2020/1/24,15:00-9:00,星期五,0,2,1,0,1,826,0
黄金概念吧,2020/1/30,9:00-15:00,星期四,1,1,0,1,0,480,0
黄金概念吧,2020/2/3,0:00-9:00,星期一,0,1,0,0,1,1387,0
黄金概念吧,2020/2/3,9:00-15:00,星期一,1,4,2,0,2,731,0
黄金概念吧,2020/2/4,15:00-9:00,星期二,0,4,1,0,3,4971,0
黄金概念吧,2020/2/4,9:00-15:00,星期二,1,3,2,0,1,657,0
黄金概念吧,2020/2/5,9:00-15:00,星期三,1,2,2,0,0,419,0
黄金概念吧,2020/2/6,9:00-15:00,星期四,1,1,0,0,1,169,0
黄金概念吧,2020/2/7,9:00-15:00,星期五,1,3,3,0,0,731,0
黄金概念吧,2020/2/7,15:00-24:00,星期五,0,1,1,0,0,306,0
黄金概念吧,2020/2/8,0:00-24:00,星期六,0,2,0,2,0,727,0
黄金概念吧,2020/2/10,9:00-15:00,星期一,1,1,1,0,0,200,0
黄金概念吧,2020/2/13,9:00-15:00,星期四,1,2,1,0,1,432,0
黄金概念吧,2020/2/14,15:00-9:00,星期五,0,1,0,0,1,291,0
黄金概念吧,2020/2/14,9:00-15:00,星期五,1,2,0,0,2,476,0
黄金概念吧,2020/2/17,9:00-15:00,星期一,1,1,0,0,1,183,0
黄金概念吧,2020/2/18,9:00-15:00,星期二,1,2,0,0,2,389,0
黄金概念吧,2020/2/19,15:00-9:00,星期三,0,2,1,0,1,896,8
黄金概念吧,2020/2/19,9:00-15:00,星期三,1,12,1,1,10,1991,0
黄金概念吧,2020/2/20,15:00-9:00,星期四,0,2,0,1,1,607,0
黄金概念吧,2020/2/20,9:00-15:00,星期四,1,8,1,3,4,1430,2
黄金概念吧,2020/2/21,15:00-9:00,星期五,0,1,1,0,0,214,0
黄金概念吧,2020/2/21,9:00-15:00,星期五,1,16,7,3,6,2548,0
黄金概念吧,2020/2/21,15:00-24:00,星期五,0,2,0,0,2,476,1
黄金概念吧,2020/2/23,0:00-24:00,星期日,0,1,1,0,0,279,0
黄金概念吧,2020/2/24,9:00-15:00,星期一,1,7,2,0,5,1030,1
黄金概念吧,2020/2/25,15:00-9:00,星期二,0,5,2,0,3,850,0
黄金概念吧,2020/2/25,9:00-15:00,星期二,1,7,2,0,5,1134,1
黄金概念吧,2020/2/26,15:00-9:00,星期三,0,1,0,0,1,175,0
黄金概念吧,2020/2/26,9:00-15:00,星期三,1,12,5,4,3,1648,2
黄金概念吧,2020/2/27,15:00-9:00,星期四,0,2,0,0,2,443,1
黄金概念吧,2020/2/27,9:00-15:00,星期四,1,3,3,0,0,405,1
黄金概念吧,2020/2/28,15:00-9:00,星期五,0,1,0,0,1,135,0
黄金概念吧,2020/2/28,9:00-15:00,星期五,1,11,0,1,10,1415,2
黄金概念吧,2020/2/28,15:00-24:00,星期五,0,2,0,0,2,251,0
黄金概念吧,2020/3/1,0:00-24:00,星期日,0,1,1,0,0,148,0
黄金概念吧,2020/3/3,15:00-9:00,星期二,0,2,1,0,1,191,0
黄金概念吧,2020/3/3,9:00-15:00,星期二,1,3,1,0,2,443,0
黄金概念吧,2020/3/4,15:00-9:00,星期三,0,2,2,0,0,255,0
黄金概念吧,2020/3/4,9:00-15:00,星期三,1,3,0,0,3,497,6
黄金概念吧,2020/3/5,15:00-9:00,星期四,0,9,0,0,9,1122,0
黄金概念吧,2020/3/5,9:00-15:00,星期四,1,1,0,0,1,144,1
黄金概念吧,2020/3/6,15:00-9:00,星期五,0,1,0,0,1,234,0
黄金概念吧,2020/3/6,9:00-15:00,星期五,1,8,2,1,5,1166,2
黄金概念吧,2020/3/6,15:00-24:00,星期五,0,2,0,0,2,215,0
黄金概念吧,2020/3/8,0:00-24:00,星期日,0,1,1,0,0,283,0
黄金概念吧,2020/3/9,9:00-15:00,星期一,1,13,5,1,7,2079,8
黄金概念吧,2020/3/10,15:00-9:00,星期二,0,6,0,2,4,1103,1
黄金概念吧,2020/3/10,9:00-15:00,星期二,1,4,1,0,3,655,0
黄金概念吧,2020/3/11,15:00-9:00,星期三,0,3,0,1,2,466,0
黄金概念吧,2020/3/11,9:00-15:00,星期三,1,1,0,1,0,135,0
黄金概念吧,2020/3/12,9:00-15:00,星期四,1,3,0,2,1,515,0
黄金概念吧,2020/3/13,15:00-9:00,星期五,0,3,1,1,1,675,0
黄金概念吧,2020/3/13,9:00-15:00,星期五,1,4,1,0,3,720,0
黄金概念吧,2020/3/13,15:00-24:00,星期五,0,2,1,0,1,301,0
黄金概念吧,2020/3/14,0:00-24:00,星期六,0,1,0,0,1,336,0
黄金概念吧,2020/3/16,9:00-15:00,星期一,1,2,0,0,2,256,0
黄金概念吧,2020/3/17,9:00-15:00,星期二,1,1,1,0,0,118,0
黄金概念吧,2020/3/18,15:00-9:00,星期三,0,4,0,0,4,536,0
黄金概念吧,2020/3/18,9:00-15:00,星期三,1,1,0,0,1,148,0
黄金概念吧,2020/3/19,15:00-9:00,星期四,0,1,0,0,1,133,0
黄金概念吧,2020/3/20,9:00-15:00,星期五,1,1,1,0,0,126,0
黄金概念吧,2020/3/21,0:00-24:00,星期六,0,1,0,0,1,157,0
黄金概念吧,2020/3/22,0:00-24:00,星期日,0,1,0,1,0,152,0
黄金概念吧,2020/3/23,9:00-15:00,星期一,1,1,0,0,1,222,0
黄金概念吧,2020/3/24,9:00-15:00,星期二,1,5,1,0,4,456,0
黄金概念吧,2020/3/25,15:00-9:00,星期三,0,3,0,0,3,317,2
黄金概念吧,2020/3/25,9:00-15:00,星期三,1,5,3,0,2,550,1
黄金概念吧,2020/3/26,15:00-9:00,星期四,0,3,1,1,1,370,6
黄金概念吧,2020/3/30,0:00-9:00,星期一,0,1,0,0,1,124,0
黄金概念吧,2020/4/1,15:00-9:00,星期三,0,2,1,0,1,282,0
黄金概念吧,2020/4/1,9:00-15:00,星期三,1,1,1,0,0,90,0
黄金概念吧,2020/4/2,15:00-9:00,星期四,0,7,1,1,5,838,3
黄金概念吧,2020/4/2,9:00-15:00,星期四,1,1,0,1,0,119,0
黄金概念吧,2020/4/3,15:00-9:00,星期五,0,1,0,0,1,146,0
黄金概念吧,2020/4/3,9:00-15:00,星期五,1,3,2,1,0,277,0
黄金概念吧,2020/4/5,0:00-24:00,星期日,0,1,0,0,1,172,0
黄金概念吧,2020/4/7,15:00-9:00,星期二,0,2,1,0,1,169,0
黄金概念吧,2020/4/7,9:00-15:00,星期二,1,2,0,0,2,143,0
黄金概念吧,2020/4/8,15:00-9:00,星期三,0,2,1,0,1,281,0
黄金概念吧,2020/4/8,9:00-15:00,星期三,1,1,0,1,0,86,1
黄金概念吧,2020/4/9,15:00-9:00,星期四,0,3,0,0,3,1030,1
黄金概念吧,2020/4/10,9:00-15:00,星期五,1,10,5,0,5,688,2
黄金概念吧,2020/4/10,15:00-24:00,星期五,0,1,1,0,0,252,0
黄金概念吧,2020/4/13,9:00-15:00,星期一,1,1,0,1,0,92,0
黄金概念吧,2020/4/14,9:00-15:00,星期二,1,4,2,0,2,332,1
黄金概念吧,2020/4/15,9:00-15:00,星期三,1,2,0,0,2,151,0
黄金概念吧,2020/4/17,9:00-15:00,星期五,1,1,0,0,1,79,0
黄金概念吧,2020/4/18,0:00-24:00,星期六,0,1,0,0,1,162,0
黄金概念吧,2020/4/20,9:00-15:00,星期一,1,1,1,0,0,77,0
黄金概念吧,2020/4/21,15:00-9:00,星期二,0,1,0,0,1,109,0
黄金概念吧,2020/4/21,9:00-15:00,星期二,1,1,1,0,0,111,0
黄金概念吧,2020/4/22,15:00-9:00,星期三,0,1,1,0,0,148,0
黄金概念吧,2020/4/24,15:00-9:00,星期五,0,1,1,0,0,162,0
黄金概念吧,2020/4/24,9:00-15:00,星期五,1,2,0,0,2,218,0
黄金概念吧,2020/4/27,9:00-15:00,星期一,1,2,1,0,1,237,1
黄金概念吧,2020/4/28,15:00-9:00,星期二,0,1,0,0,1,117,0
黄金概念吧,2020/4/28,9:00-15:00,星期二,1,1,0,0,1,98,0
黄金概念吧,2020/4/29,15:00-9:00,星期三,0,2,0,1,1,145,0
黄金概念吧,2020/4/29,9:00-15:00,星期三,1,1,1,0,0,112,0
黄金概念吧,2020/5/14,9:00-15:00,星期四,1,6,2,1,3,671,2
黄金概念吧,2020/5/15,9:00-15:00,星期五,1,1,1,0,0,103,0
黄金概念吧,2020/5/15,15:00-24:00,星期五,0,2,1,0,1,199,0
黄金概念吧,2020/5/17,0:00-24:00,星期日,0,1,0,0,1,186,0
黄金概念吧,2020/5/18,9:00-15:00,星期一,1,1,1,0,0,144,0
黄金概念吧,2020/5/19,9:00-15:00,星期二,1,1,0,0,1,109,0
黄金概念吧,2020/5/20,15:00-9:00,星期三,0,2,0,0,2,222,0
黄金概念吧,2020/5/21,9:00-15:00,星期四,1,1,0,0,1,103,0
黄金概念吧,2020/5/22,15:00-9:00,星期五,0,1,0,0,1,101,1
黄金概念吧,2020/5/22,9:00-15:00,星期五,1,2,1,0,1,191,0
黄金概念吧,2020/5/25,9:00-15:00,星期一,1,1,0,0,1,109,0
黄金概念吧,2020/5/26,9:00-15:00,星期二,1,1,1,0,0,123,0
黄金概念吧,2020/5/29,15:00-24:00,星期五,0,1,0,1,0,80,0
黄金概念吧,2020/6/1,9:00-15:00,星期一,1,1,0,0,1,111,0
黄金概念吧,2020/6/2,9:00-15:00,星期二,1,1,0,0,1,84,0
黄金概念吧,2020/6/5,15:00-9:00,星期五,0,1,1,0,0,139,0
黄金概念吧,2020/6/9,9:00-15:00,星期二,1,1,0,1,0,102,0
黄金概念吧,2020/6/10,9:00-15:00,星期三,1,1,0,0,1,72,0
黄金概念吧,2020/6/11,9:00-15:00,星期四,1,1,0,0,1,87,0
黄金概念吧,2020/6/12,15:00-9:00,星期五,0,1,0,0,1,131,0
黄金概念吧,2020/6/12,9:00-15:00,星期五,1,1,1,0,0,104,0
黄金概念吧,2020/6/15,9:00-15:00,星期一,1,1,1,0,0,89,0
黄金概念吧,2020/6/17,15:00-9:00,星期三,0,1,0,0,1,7,0
黄金概念吧,2020/6/18,9:00-15:00,星期四,1,1,0,0,1,107,0
黄金概念吧,2020/6/19,15:00-9:00,星期五,0,1,0,0,1,74,0
黄金概念吧,2020/6/23,15:00-9:00,星期二,0,1,1,0,0,16,0
黄金概念吧,2020/6/25,15:00-9:00,星期四,0,1,0,0,1,198,0
黄金概念吧,2020/6/29,9:00-15:00,星期一,1,1,1,0,0,90,0
黄金概念吧,2020/6/30,9:00-15:00,星期二,1,1,0,0,1,73,0
黄金概念吧,2020/7/1,15:00-9:00,星期三,0,1,1,0,0,68,0
黄金概念吧,2020/7/3,9:00-15:00,星期五,1,1,0,0,1,56,0
黄金概念吧,2020/7/7,15:00-9:00,星期二,0,1,1,0,0,62,0
黄金概念吧,2020/7/8,15:00-9:00,星期三,0,1,1,0,0,54,0
黄金概念吧,2020/7/8,9:00-15:00,星期三,1,2,1,1,0,176,0
黄金概念吧,2020/7/9,9:00-15:00,星期四,1,2,0,0,2,139,0
黄金概念吧,2020/7/15,9:00-15:00,星期三,1,1,1,0,0,73,0
黄金概念吧,2020/7/17,9:00-15:00,星期五,1,1,1,0,0,100,0
黄金概念吧,2020/7/22,15:00-9:00,星期三,0,1,0,0,1,58,0
黄金概念吧,2020/7/22,9:00-15:00,星期三,1,4,1,1,2,386,0
黄金概念吧,2020/7/23,9:00-15:00,星期四,1,1,0,0,1,86,0
黄金概念吧,2020/7/24,15:00-9:00,星期五,0,2,0,0,2,221,0
黄金概念吧,2020/7/24,9:00-15:00,星期五,1,3,0,3,0,251,0
黄金概念吧,2020/7/25,0:00-24:00,星期六,0,1,1,0,0,134,0
黄金概念吧,2020/7/26,0:00-24:00,星期日,0,1,0,0,1,179,0
黄金概念吧,2020/7/27,9:00-15:00,星期一,1,19,5,3,11,2034,3
黄金概念吧,2020/7/28,15:00-9:00,星期二,0,4,0,2,2,525,0
黄金概念吧,2020/7/28,9:00-15:00,星期二,1,11,3,2,6,1117,0
黄金概念吧,2020/7/29,15:00-9:00,星期三,0,3,0,0,3,351,0
黄金概念吧,2020/7/29,9:00-15:00,星期三,1,4,1,0,3,362,0
黄金概念吧,2020/7/31,9:00-15:00,星期五,1,1,1,0,0,98,0
黄金概念吧,2020/8/1,0:00-24:00,星期六,0,3,0,0,3,416,0
黄金概念吧,2020/8/3,0:00-9:00,星期一,0,1,1,0,0,139,0
黄金概念吧,2020/8/4,15:00-9:00,星期二,0,1,0,0,1,72,0
黄金概念吧,2020/8/5,15:00-9:00,星期三,0,1,0,0,1,96,0
黄金概念吧,2020/8/5,9:00-15:00,星期三,1,2,1,0,1,178,0
黄金概念吧,2020/8/6,15:00-9:00,星期四,0,1,0,0,1,82,0
黄金概念吧,2020/8/6,9:00-15:00,星期四,1,2,1,0,1,207,0
黄金概念吧,2020/8/7,15:00-9:00,星期五,0,4,2,0,2,189,0
黄金概念吧,2020/8/7,9:00-15:00,星期五,1,1,0,0,1,74,0
黄金概念吧,2020/8/8,0:00-24:00,星期六,0,1,1,0,0,92,0
黄金概念吧,2020/8/12,15:00-9:00,星期三,0,3,1,0,2,190,0
黄金概念吧,2020/8/12,9:00-15:00,星期三,1,3,1,0,2,267,0
黄金概念吧,2020/8/14,9:00-15:00,星期五,1,1,0,0,1,79,0
黄金概念吧,2020/8/18,9:00-15:00,星期二,1,1,0,0,1,103,0
黄金概念吧,2020/8/19,15:00-9:00,星期三,0,1,0,0,1,120,0
黄金概念吧,2020/8/24,9:00-15:00,星期一,1,1,0,0,1,122,0
黄金概念吧,2020/8/26,15:00-9:00,星期三,0,1,0,0,1,79,0
黄金概念吧,2020/8/26,9:00-15:00,星期三,1,2,0,0,2,176,0
黄金概念吧,2020/8/28,9:00-15:00,星期五,1,1,1,0,0,94,0
黄金概念吧,2020/8/30,0:00-24:00,星期日,0,1,1,0,0,84,0
黄金概念吧,2020/9/1,9:00-15:00,星期二,1,1,1,0,0,121,0
黄金概念吧,2020/9/2,15:00-9:00,星期三,0,1,1,0,0,126,0
黄金概念吧,2020/9/3,9:00-15:00,星期四,1,1,1,0,0,129,0
黄金概念吧,2020/9/4,9:00-15:00,星期五,1,3,1,0,2,442,0
黄金概念吧,2020/9/5,0:00-24:00,星期六,0,1,0,0,1,210,2
黄金概念吧,2020/9/7,9:00-15:00,星期一,1,1,0,0,1,168,0
黄金概念吧,2020/9/8,9:00-15:00,星期二,1,1,0,0,1,78,0
黄金概念吧,2020/9/9,9:00-15:00,星期三,1,1,0,0,1,93,0
黄金概念吧,2020/9/15,9:00-15:00,星期二,1,2,1,0,1,277,0
黄金概念吧,2020/9/16,9:00-15:00,星期三,1,1,0,0,1,159,0
黄金概念吧,2020/9/24,15:00-9:00,星期四,0,1,0,0,1,136,0
黄金概念吧,2020/9/24,9:00-15:00,星期四,1,1,0,1,0,124,0
黄金概念吧,2020/10/21,15:00-9:00,星期三,0,1,1,0,0,77,0
黄金概念吧,2020/10/21,9:00-15:00,星期三,1,2,2,0,0,211,0
黄金概念吧,2020/10/22,15:00-9:00,星期四,0,1,0,0,1,176,0
黄金概念吧,2020/10/22,9:00-15:00,星期四,1,2,2,0,0,159,0
黄金概念吧,2020/10/26,9:00-15:00,星期一,1,2,2,0,0,264,0
黄金概念吧,2020/10/27,9:00-15:00,星期二,1,1,1,0,0,116,0
黄金概念吧,2020/11/3,9:00-15:00,星期二,1,1,0,0,1,123,0
黄金概念吧,2020/11/6,15:00-9:00,星期五,0,1,1,0,0,152,0
黄金概念吧,2020/11/6,9:00-15:00,星期五,1,2,1,0,1,183,0
黄金概念吧,2020/11/10,15:00-9:00,星期二,0,1,0,0,1,431,1
黄金概念吧,2020/11/13,15:00-24:00,星期五,0,1,0,0,1,204,0
黄金概念吧,2020/11/17,15:00-9:00,星期二,0,1,0,0,1,104,0
黄金概念吧,2020/11/20,9:00-15:00,星期五,1,1,0,1,0,105,0
黄金概念吧,2020/11/21,0:00-24:00,星期六,0,1,0,0,1,83,0
黄金概念吧,2020/11/24,15:00-9:00,星期二,0,1,0,0,1,30,0
黄金概念吧,2020/11/24,9:00-15:00,星期二,1,1,1,0,0,108,0
黄金概念吧,2020/11/27,9:00-15:00,星期五,1,1,0,0,1,81,0
黄金概念吧,2020/11/30,9:00-15:00,星期一,1,1,0,0,1,101,0
黄金概念吧,2020/12/2,9:00-15:00,星期三,1,2,0,0,2,277,0
黄金概念吧,2020/12/3,9:00-15:00,星期四,1,3,1,2,0,295,0
黄金概念吧,2020/12/10,9:00-15:00,星期四,1,1,1,0,0,107,0
黄金概念吧,2020/12/13,0:00-24:00,星期日,0,1,1,0,0,81,1
黄金概念吧,2020/12/18,15:00-9:00,星期五,0,2,0,0,2,221,0
黄金吧,2022/2/10,9:00-15:00,星期四,1,1,0,0,1,246,0
